Sequence,[M+H]+,[M+2H]2+,[M+3H]3+,[M+4H]4+
4D,363.97478,182.491305,121.99681333333335,91.7495675
TD,235.09246,118.050145,79.03604,59.5289875
VD,233.11319,117.06051000000001,78.37628333333333,59.03417
LD,247.12884,124.068335,83.04816666666666,62.5380825
4TD,465.02246,233.01514500000002,155.67937333333336,117.0114875
4VD,463.04319,232.02551,155.01961666666668,116.51666999999999
4LD,477.0588399999999,239.03333499999997,159.6915,120.02058249999997
TVD,334.16086999999993,167.58434999999997,112.05884333333331,84.29608999999998
TLD,348.17652,174.592175,116.73072666666667,87.80000249999999
VLD,346.19724999999994,173.60253999999998,116.07096999999999,87.30518499999998
4TVD,564.09087,282.54935,188.70217666666667,141.77859
4TLD,578.1065199999999,289.557175,193.37406,145.2825025
4VLD,576.12725,288.56754,192.71430333333333,144.787685
TVLD,447.24492999999995,224.12637999999998,149.75352999999998,112.56710499999998
4TVLD,677.17493,339.09138,226.39686333333336,170.049605
