Sequence,[M+H]+,[M+2H]2+,[M+3H]3+,[M+4H]4+
FF,313.15466,157.081245,105.05677333333334,79.04453749999999
FF,313.15466,157.081245,105.05677333333334,79.04453749999999
FFF,460.22307,230.61545,154.07957666666667,115.81164
