Sequence,[M+H]+,[M+2H]2+,[M+3H]3+,[M+4H]4+
XR,308.17895,154.59339,103.39820333333334,77.80060999999999
FR,322.18736,161.597595,108.06767333333335,81.3027125
DR,290.14589,145.57686,97.38718333333334,73.292345
ZR,427.16098,214.084405,143.05888000000002,107.5461175
XFR,455.24736,228.127595,152.42100666666667,114.5677125
XDR,423.20588999999995,212.10685999999998,141.74051666666665,106.55734499999998
XZR,560.22098,280.61440500000003,187.41221333333337,140.81111750000002
FDR,437.2143,219.111065,146.40998666666667,110.05944749999999
FZR,574.22939,287.61861,192.08168333333333,144.31322
DZR,542.1879200000001,271.59787500000004,181.40119333333337,136.30285250000003
XFDR,570.2743,285.641065,190.76332000000002,143.32444750000002
XFZR,707.2893900000001,354.1486100000001,236.4350166666667,177.57822000000004
XDZR,675.24792,338.127875,225.7545266666667,169.56785250000001
FDZR,689.2563299999999,345.13208,230.42399666666665,173.069955
XFDZR,822.3163300000001,411.66208000000006,274.77733000000006,206.33495500000004
